{
  "FilterHeaders": [
    {
      "Header": "user-agent",
      "IncludeInScript": false
    },
    {
      "Header": "ua-cpu",
      "IncludeInScript": true
    },
    {
      "Header": "dnt",
      "IncludeInScript": true
    },
    {
      "Header": "cache-control",
      "IncludeInScript": false
    },
    {
      "Header": "accept-language",
      "IncludeInScript": false
    },
    {
      "Header": "accept-encoding",
      "IncludeInScript": false
    },
    {
      "Header": "accept",
      "IncludeInScript": false
    }
  ],
  "FilterResources": [
    {
      "IsNonResource": true,
      "type": "text/xml"
    },
    {
      "IsNonResource": true,
      "type": "text/html"
    },
    {
      "IsNonResource": false,
      "type": "image/png"
    },
    {
      "IsNonResource": false,
      "type": "image/gif"
    }
  ],
  "GeneralInfo": {
    "BrowserVersion": "",
    "IsWinInetMode": false,
    "MaxUsedConnections": 12,
    "RecordedBrowser": "Internet Explorer",
    "RecordingDate": "8月-13-2018",
    "RecordingDuration": 108125,
    "RecordingMode": "N/A",
    "RecordingTimeStamp": 1534150368,
    "RecordingType": "Browser",
    "TotalBytesReceived": 147546,
    "TotalBytesSent": 10018,
    "TotalRequests": 25,
    "UserAgent": "Mozilla/5.0 (Windows NT 6.3; WOW64; Trident/7.0; rv:11.0) like Gecko"
  },
  "HostInfo": [
    {
      "DomainName": "microsoft.com",
      "Domains": [
        {
          "HTTPVersion": "HTTP/1.1",
          "IP": "72.21.81.200",
          "IncludeInScript": true,
          "Name": "iecvlist.microsoft.com",
          "Port": 443,
          "Requests": [
            {
              "CompressionType": "gzip",
              "DataType": "text/xml",
              "DownloadTime": 156,
              "EventId": 153,
              "HttpStatus": 200,
              "Size": 33769,
              "URL": "https://iecvlist.microsoft.com/IE11/1479242656000/iecompatviewlist.xml"
            }
          ],
          "SSLCipher": "ECDHE-RSA-AES256-SHA384",
          "SSLVersion": "TLS1.2"
        }
      ],
      "IncludeInScript": true
    },
    {
      "DomainName": "hpeswlab.net",
      "Domains": [
        {
          "HTTPVersion": "HTTP/1.1",
          "IP": "16.44.49.218",
          "IncludeInScript": true,
          "Name": "kalimanjaro.hpeswlab.net",
          "Port": 443,
          "Requests": [
            {
              "CompressionType": "",
              "DataType": "text/html",
              "DownloadTime": 63,
              "EventId": 331,
              "HttpStatus": 200,
              "Size": 1392,
              "URL": "https://kalimanjaro.hpeswlab.net/WebTours/nav.pl?in=home"
            },
            {
              "CompressionType": "",
              "DataType": "text/html",
              "DownloadTime": 16,
              "EventId": 328,
              "HttpStatus": 200,
              "Size": 1362,
              "URL": "https://kalimanjaro.hpeswlab.net/WebTours/home.html"
            },
            {
              "CompressionType": "",
              "DataType": "text/html",
              "DownloadTime": 78,
              "EventId": 325,
              "HttpStatus": 200,
              "Size": 630,
              "URL": "https://kalimanjaro.hpeswlab.net/WebTours/welcome.pl?signOff=1"
            },
            {
              "CompressionType": "",
              "DataType": "image/gif",
              "DownloadTime": 31,
              "EventId": 312,
              "HttpStatus": 200,
              "Size": 751,
              "URL": "https://kalimanjaro.hpeswlab.net/WebTours/images/signoff.gif"
            },
            {
              "CompressionType": "",
              "DataType": "image/gif",
              "DownloadTime": 16,
              "EventId": 310,
              "HttpStatus": 200,
              "Size": 726,
              "URL": "https://kalimanjaro.hpeswlab.net/WebTours/images/flights.gif"
            },
            {
              "CompressionType": "",
              "DataType": "image/gif",
              "DownloadTime": 31,
              "EventId": 300,
              "HttpStatus": 200,
              "Size": 733,
              "URL": "https://kalimanjaro.hpeswlab.net/WebTours/images/itinerary.gif"
            },
            {
              "CompressionType": "",
              "DataType": "image/gif",
              "DownloadTime": 421,
              "EventId": 290,
              "HttpStatus": 200,
              "Size": 688,
              "URL": "https://kalimanjaro.hpeswlab.net/WebTours/images/in_home.gif"
            },
            {
              "CompressionType": "",
              "DataType": "text/html",
              "DownloadTime": 78,
              "EventId": 265,
              "HttpStatus": 200,
              "Size": 1446,
              "URL": "https://kalimanjaro.hpeswlab.net/WebTours/nav.pl?page=menu&in=home"
            },
            {
              "CompressionType": "",
              "DataType": "text/html",
              "DownloadTime": 63,
              "EventId": 262,
              "HttpStatus": 200,
              "Size": 912,
              "URL": "https://kalimanjaro.hpeswlab.net/WebTours/login.pl?intro=true"
            },
            {
              "CompressionType": "",
              "DataType": "text/html",
              "DownloadTime": 63,
              "EventId": 242,
              "HttpStatus": 200,
              "Size": 437,
              "URL": "https://kalimanjaro.hpeswlab.net/WebTours/login.pl"
            },
            {
              "CompressionType": "",
              "DataType": "text/html",
              "DownloadTime": 16,
              "EventId": 214,
              "HttpStatus": 404,
              "Size": 1635,
              "URL": "https://kalimanjaro.hpeswlab.net/favicon.ico"
            },
            {
              "CompressionType": "",
              "DataType": "image/gif",
              "DownloadTime": 31,
              "EventId": 211,
              "HttpStatus": 200,
              "Size": 679,
              "URL": "https://kalimanjaro.hpeswlab.net/WebTours/images/mer_login.gif"
            },
            {
              "CompressionType": "",
              "DataType": "text/html",
              "DownloadTime": 63,
              "EventId": 206,
              "HttpStatus": 200,
              "Size": 1395,
              "URL": "https://kalimanjaro.hpeswlab.net/WebTours/nav.pl?in=home"
            },
            {
              "CompressionType": "",
              "DataType": "text/html",
              "DownloadTime": 16,
              "EventId": 202,
              "HttpStatus": 200,
              "Size": 1362,
              "URL": "https://kalimanjaro.hpeswlab.net/WebTours/home.html"
            },
            {
              "CompressionType": "",
              "DataType": "text/html",
              "DownloadTime": 63,
              "EventId": 199,
              "HttpStatus": 200,
              "Size": 630,
              "URL": "https://kalimanjaro.hpeswlab.net/WebTours/welcome.pl?signOff=true"
            },
            {
              "CompressionType": "",
              "DataType": "image/png",
              "DownloadTime": 31,
              "EventId": 197,
              "HttpStatus": 200,
              "Size": 818,
              "URL": "https://kalimanjaro.hpeswlab.net/WebTours/images/webtours.png"
            },
            {
              "CompressionType": "",
              "DataType": "image/png",
              "DownloadTime": 62,
              "EventId": 176,
              "HttpStatus": 200,
              "Size": 601,
              "URL": "https://kalimanjaro.hpeswlab.net/WebTours/images/hp_logo.png"
            },
            {
              "CompressionType": "",
              "DataType": "text/html",
              "DownloadTime": 15,
              "EventId": 173,
              "HttpStatus": 200,
              "Size": 704,
              "URL": "https://kalimanjaro.hpeswlab.net/WebTours/header.html"
            },
            {
              "CompressionType": "",
              "DataType": "text/html",
              "DownloadTime": 0,
              "EventId": 170,
              "HttpStatus": 200,
              "Size": 322,
              "URL": "https://kalimanjaro.hpeswlab.net/WebTours/"
            },
            {
              "CompressionType": "",
              "DataType": "text/html",
              "DownloadTime": 15,
              "EventId": 168,
              "HttpStatus": 301,
              "Size": 165,
              "URL": "https://kalimanjaro.hpeswlab.net/WebTours"
            },
            {
              "CompressionType": "",
              "DataType": "text/html",
              "DownloadTime": 15,
              "EventId": 159,
              "HttpStatus": 404,
              "Size": 1635,
              "URL": "https://kalimanjaro.hpeswlab.net/favicon.ico"
            },
            {
              "CompressionType": "",
              "DataType": "image/gif",
              "DownloadTime": 141,
              "EventId": 44,
              "HttpStatus": 200,
              "Size": 88438,
              "URL": "https://kalimanjaro.hpeswlab.net/Images/ganim5b.gif"
            },
            {
              "CompressionType": "",
              "DataType": "image/gif",
              "DownloadTime": 15,
              "EventId": 37,
              "HttpStatus": 200,
              "Size": 1642,
              "URL": "https://kalimanjaro.hpeswlab.net/Images/logo.gif"
            },
            {
              "CompressionType": "",
              "DataType": "text/html",
              "DownloadTime": 0,
              "EventId": 35,
              "HttpStatus": 200,
              "Size": 4674,
              "URL": "https://kalimanjaro.hpeswlab.net/"
            }
          ],
          "SSLCipher": "DES-CBC3-SHA",
          "SSLVersion": "TLS"
        }
      ],
      "IncludeInScript": true
    }
  ],
  "WebSocket": {
    "IncludeInScript": false,
    "IsScriptIncludeWebSocket": false
  },
  "NumberOfCorrelations": 0
}