[
    {
        "actionName": "Action",
        "steps": [
            {
                "stepId": "STEP1",
                "stepName": "Url: kalimanjaro.hpeswlab.net",
                "infFile": "t1.inf",
                "time": 1534150646247
            },
            {
                "stepId": "STEP2",
                "stepName": "Url: WebTours",
                "infFile": "t2.inf",
                "time": 1534150646666
            },
            {
                "stepId": "STEP3",
                "stepName": "Submit Form: login.pl",
                "infFile": "t3.inf",
                "time": 1534150647165
            },
            {
                "stepId": "STEP4",
                "stepName": "Image: SignOff Button",
                "infFile": "t4.inf",
                "time": 1534150647435
            }
        ],
        "transactions": []
    }
]